x,World,Asia,Africa,Europe,North America,South America,Oceania
-9989.7,0,0,0,0,0,0,0
-9971.3,0,0,0,0,0,0,0
-9952.9,0,0,0,0,0,0,0
-9934.5,0,0,0,0,0,0,0
-9916.1,0,0,0,0,0,0,0
-9897.8,0,0,0,0,0,0,0
-9879.4,0,0,0,0,0,0,0
-9861.0,0,0,0,0,0,0,0
-9842.6,0,0,0,0,0,0,0
-9824.2,0,0,0,0,0,0,0
-9805.8,0,0,0,0,0,0,0
-9787.5,0,0,0,0,0,0,0
-9769.1,0,0,0,0,0,0,0
-9750.7,0,0,0,0,0,0,0
-9732.3,0,0,0,0,0,0,0
-9713.9,0,0,0,0,0,0,0
-9695.5,0,0,0,0,0,0,0
-9677.2,0,0,0,0,0,0,0
-9658.8,0,0,0,0,0,0,0
-9640.4,0,0,0,0,0,0,0
-9622.0,0,0,0,0,0,0,0
-9603.6,0,0,0,0,0,0,0
-9585.2,0,0,0,0,0,0,0
-9566.9,0,0,0,0,0,0,0
-9548.5,0,0,0,0,0,0,0
-9530.1,0,0,0,0,0,0,0
-9511.7,0,0,0,0,0,0,0
-9493.3,0,0,0,0,0,0,0
-9474.9,0,0,0,0,0,0,0
-9456.6,0,0,0,0,0,0,0
-9438.2,0,0,0,0,0,0,0
-9419.8,0,0,0,0,0,0,0
-9401.4,0,0,0,0,0,0,0
-9383.0,0,0,0,0,0,0,0
-9364.6,0,0,0,0,0,0,0
-9346.3,0,0,0,0,0,0,0
-9327.9,0,0,0,0,0,0,0
-9309.5,0,0,0,0,0,0,0
-9291.1,0,0,0,0,0,0,0
-9272.7,0,0,0,0,0,0,0
-9254.3,0,0,0,0,0,0,0
-9236.0,0,0,0,0,0,0,0
-9217.6,0,0,0,0,0,0,0
-9199.2,0,0,0,0,0,0,0
-9180.8,16477,0,0,0,0,0,0
-9162.4,181249,0,0,0,0,0,0
-9144.0,346022,0,0,0,0,0,0
-9125.7,510794,0,0,0,0,0,0
-9107.3,675566,0,0,0,0,0,0
-9088.9,840338,0,0,0,0,0,0
-9070.5,1005111,0,0,0,0,0,0
-9052.1,1169883,0,0,0,0,0,0
-9033.7,1334655,0,0,0,0,0,0
-9015.4,1499427,0,0,0,0,0,0
-8997.0,1664200,0,0,0,0,0,0
-8978.6,1828972,0,0,0,0,0,0
-8960.2,1993744,0,0,0,0,0,0
-8941.8,2158516,0,0,0,0,0,0
-8923.4,2323289,0,0,0,0,0,0
-8905.1,2488061,0,0,0,0,0,0
-8886.7,2652833,0,0,0,0,0,0
-8868.3,2817605,0,0,0,0,0,0
-8849.9,2982378,0,0,0,0,0,0
-8831.5,3147150,0,0,0,0,0,0
-8813.1,3311922,0,0,0,0,0,0
-8794.8,3476694,0,0,0,0,0,0
-8776.4,3641467,0,0,0,0,0,0
-8758.0,3806239,0,0,0,0,0,0
-8739.6,3971011,0,0,0,0,0,0
-8721.2,4135783,0,0,0,0,0,0
-8702.8,4300556,0,0,0,0,0,0
-8684.5,4465328,0,0,0,0,0,0
-8666.1,4630100,0,0,0,0,0,0
-8647.7,4794872,0,0,0,0,0,0
-8629.3,4959645,0,0,0,0,0,0
-8610.9,5124417,0,0,0,0,0,0
-8592.5,5289189,0,0,0,0,0,0
-8574.2,5453961,0,0,0,0,0,0
-8555.8,5618734,0,0,0,0,0,0
-8537.4,5783506,0,0,0,0,0,0
-8519.0,5948278,0,0,0,0,0,0
-8500.6,6113050,0,0,0,0,0,0
-8482.2,6277822,0,0,0,0,0,0
-8463.9,6442595,0,0,0,0,0,0
-8445.5,6607367,0,76210,0,0,0,0
-8427.1,6772139,0,164146,0,0,0,0
-8408.7,6936911,68661,252081,0,0,0,0
-8390.3,7101684,154488,340016,0,0,0,0
-8371.9,7266456,240315,427951,0,0,0,0
-8353.6,7431228,326142,515886,0,0,0,0
-8335.2,7596000,411969,603821,0,0,0,0
-8316.8,7760773,497796,691756,0,0,0,0
-8298.4,7925545,583623,779691,0,0,0,0
-8280.0,8090317,669449,867626,0,0,0,0
-8261.6,8255089,755276,955562,0,0,0,0
-8243.3,8419862,841103,1043497,0,0,0,0
-8224.9,8584634,926930,1131432,0,0,0,0
-8206.5,8749406,1012757,1219367,0,0,0,0
-8188.1,8914178,1098584,1307302,0,0,0,0
-8169.7,9078951,1184410,1395237,0,0,0,0
-8151.3,9243723,1270237,1483172,0,0,0,0
-8133.0,9408495,1356064,1571107,0,0,0,0
-8114.6,9573267,1441891,1659042,0,0,0,0
-8096.2,9738040,1527718,1746977,0,0,0,0
-8077.8,9902812,1613545,1834913,0,0,0,0
-8059.4,10067584,1699371,1922848,0,0,0,0
-8041.0,10232356,1785198,2010783,0,0,0,0
-8022.7,10397129,1871025,2098718,0,0,0,0
-8004.3,10561901,1956852,2186653,0,0,0,0
-7985.9,10726673,2042679,2274588,0,0,0,0
-7967.5,10891445,2128506,2362523,0,0,0,0
-7949.1,11056218,2214333,2450458,0,0,0,0
-7930.7,11220990,2300159,2538393,0,0,0,0
-7912.4,11385762,2385986,2626329,0,0,0,0
-7894.0,11550534,2471813,2714264,0,0,0,0
-7875.6,11715307,2557640,2802199,0,0,0,0
-7857.2,11880079,2643467,2890134,0,0,0,0
-7838.8,12044851,2729294,2978069,0,0,0,0
-7820.4,12209623,2815120,3066004,0,0,0,0
-7802.1,12374395,2900947,3153939,0,0,0,0
-7783.7,12539168,2986774,3241874,12249,0,0,0
-7765.3,12703940,3072601,3329809,73493,0,0,0
-7746.9,12868712,3158428,3417745,134737,0,0,0
-7728.5,13033484,3244255,3505680,195981,0,0,0
-7710.1,13198257,3330081,3593615,257225,0,0,0
-7691.8,13363029,3415908,3681550,318469,0,0,0
-7673.4,13527801,3501735,3769485,379713,0,0,0
-7655.0,13692573,3587562,3857420,440957,0,0,0
-7636.6,13857346,3673389,3945355,502201,0,0,0
-7618.2,14022118,3759216,4033290,563445,0,0,0
-7599.8,14186890,3845042,4121225,624689,0,0,0
-7581.5,14351662,3930869,4209160,685933,0,0,0
-7563.1,14516435,4016696,4297096,747177,0,0,0
-7544.7,14681207,4102523,4385031,808421,0,0,0
-7526.3,14845979,4188350,4472966,869665,0,0,0
-7507.9,15010751,4274177,4560901,930909,0,0,0
-7489.5,15175524,4360004,4648836,992153,0,0,0
-7471.2,15340296,4445830,4736771,1053397,0,0,0
-7452.8,15505068,4531657,4824706,1114641,0,0,0
-7434.4,15669840,4617484,4912641,1175885,0,0,0
-7416.0,15834613,4703311,5000576,1237129,0,0,0
-7397.6,15999385,4789138,5088512,1298373,0,0,0
-7379.2,16164157,4874965,5176447,1359617,0,0,0
-7360.9,16328929,4960791,5264382,1420861,0,0,0
-7342.5,16493702,5046618,5352317,1482105,0,0,0
-7324.1,16658474,5132445,5440252,1543348,0,0,0
-7305.7,16823246,5218272,5528187,1604592,0,0,0
-7287.3,16988018,5304099,5616122,1665836,0,0,0
-7268.9,17152791,5389926,5704057,1727080,0,0,0
-7250.6,17317563,5475752,5791992,1788324,0,0,0
-7232.2,17482335,5561579,5879928,1849568,0,0,0
-7213.8,17647107,5647406,5967863,1910812,0,0,0
-7195.4,17811880,5733233,6055798,1972056,0,0,0
-7177.0,17976652,5819060,6143733,2033300,0,0,0
-7158.6,18141424,5904887,6231668,2094544,0,0,0
-7140.3,18306196,5990714,6319603,2155788,0,0,0
-7121.9,18470969,6076540,6407538,2217032,0,0,0
-7103.5,18635741,6162367,6495473,2278276,0,0,0
-7085.1,18800513,6248194,6583408,2339520,0,0,0
-7066.7,18965285,6334021,6671344,2400764,0,0,0
-7048.3,19130057,6419848,6759279,2462008,0,0,0
-7030.0,19294830,6505675,6847214,2523252,0,0,0
-7011.6,19459602,6591501,6935149,2584496,0,0,0
-6993.2,19624374,6677328,7023084,2645740,0,0,0
-6974.8,19789146,6763155,7111019,2706984,0,0,0
-6956.4,19953919,6848982,7198954,2768228,0,0,0
-6938.0,20118691,6934809,7286889,2829472,0,0,0
-6919.7,20283463,7020636,7374824,2890716,0,0,0
-6901.3,20448235,7106462,7462759,2951960,0,0,0
-6882.9,20613008,7192289,7550695,3013204,0,0,0
-6864.5,20777780,7278116,7638630,3074448,0,0,0
-6846.1,20942552,7363943,7726565,3135692,0,0,0
-6827.7,21107324,7449770,7814500,3196936,0,0,0
-6809.4,21272097,7535597,7902435,3258180,0,0,0
-6791.0,21436869,7621424,7990370,3319424,0,0,0
-6772.6,21601641,7707250,8078305,3380668,0,0,0
-6754.2,21766413,7793077,8166240,3441912,0,0,0
-6735.8,21931186,7878904,8254175,3503156,0,0,0
-6717.4,22095958,7964731,8342111,3564400,0,0,0
-6699.1,22260730,8050558,8430046,3625644,0,0,0
-6680.7,22425502,8136385,8517981,3686888,0,0,0
-6662.3,22590275,8222211,8605916,3748132,0,0,0
-6643.9,22755047,8308038,8693851,3809376,0,0,0
-6625.5,22919819,8393865,8781786,3870620,0,0,0
-6607.1,23084591,8479692,8869721,3931864,0,0,0
-6588.8,23249364,8565519,8957656,3993108,0,0,0
-6570.4,23414136,8651346,9045591,4054352,0,0,0
-6552.0,23578908,8737172,9133527,4115596,0,0,0
-6533.6,23743680,8822999,9221462,4176840,0,0,0
-6515.2,23908453,8908826,9309397,4238084,0,0,0
-6496.8,24073225,8994653,9397332,4299328,0,0,0
-6478.5,24237997,9080480,9485267,4360572,0,0,0
-6460.1,24402769,9166307,9573202,4421816,0,0,0
-6441.7,24567542,9252134,9661137,4483060,0,0,0
-6423.3,24732314,9337960,9749072,4544304,0,0,0
-6404.9,24897086,9423787,9837007,4605548,0,0,0
-6386.5,25061858,9509614,9924943,4666792,0,0,0
-6368.2,25226630,9595441,10012878,4728036,0,0,0
-6349.8,25391403,9681268,10100813,4789280,0,0,0
-6331.4,25556175,9767095,10188748,4850524,0,0,0
-6313.0,25720947,9852921,10276683,4911768,0,0,0
-6294.6,25885719,9938748,10364618,4973012,0,0,0
-6276.2,26050492,10024575,10452553,5034256,0,0,0
-6257.9,26215264,10110402,10540488,5095500,0,0,0
-6239.5,26380036,10196229,10628423,5156744,0,0,0
-6221.1,26544808,10282056,10716358,5217988,0,0,0
-6202.7,26709581,10367882,10804294,5279232,0,0,0
-6184.3,26874353,10453709,10892229,5340476,0,0,0
-6165.9,27039125,10539536,10980164,5401720,0,0,0
-6147.6,27203897,10625363,11068099,5462964,0,0,0
-6129.2,27368670,10711190,11156034,5524208,0,0,0
-6110.8,27533442,10797017,11243969,5585452,0,0,0
-6092.4,27698214,10882844,11331904,5646696,0,0,0
-6074.0,27862986,10968670,11419839,5707940,0,0,0
-6055.6,28027759,11054497,11507774,5769184,0,0,0
-6037.3,28192531,11140324,11595710,5830428,0,0,0
-6018.9,28357303,11226151,11683645,5891672,0,0,0
-6000.5,28522075,11311978,11771580,5952916,0,0,0
-5982.1,28686848,11397805,11859515,6014160,0,0,0
-5963.7,28851620,11483631,11947450,6075404,0,0,0
-5945.3,29016392,11569458,12035385,6136648,0,0,0
-5927.0,29181164,11655285,12123320,6197892,0,0,0
-5908.6,29345937,11741112,12211255,6259136,0,0,0
-5890.2,29510709,11826939,12299190,6320380,0,0,0
-5871.8,29675481,11912766,12387126,6381624,0,0,0
-5853.4,29840253,11998592,12475061,6442868,0,0,0
-5835.0,30005026,12084419,12562996,6504112,0,0,0
-5816.7,30169798,12170246,12650931,6565356,0,0,0
-5798.3,30334570,12256073,12738866,6626599,0,0,0
-5779.9,30499342,12341900,12826801,6687843,0,0,0
-5761.5,30664115,12427727,12914736,6749087,0,0,0
-5743.1,30828887,12513553,13002671,6810331,0,0,0
-5724.7,30993659,12599380,13090606,6871575,0,0,0
-5706.4,31158431,12685207,13178541,6932819,0,0,0
-5688.0,31323204,12771034,13266477,6994063,0,0,0
-5669.6,31487976,12856861,13354412,7055307,0,0,0
-5651.2,31652748,12942688,13442347,7116551,0,0,0
-5632.8,31817520,13028515,13530282,7177795,0,0,0
-5614.4,31982292,13114341,13618217,7239039,0,0,0
-5596.1,32147065,13200168,13706152,7300283,0,0,0
-5577.7,32311837,13285995,13794087,7361527,0,0,0
-5559.3,32476609,13371822,13882022,7422771,0,0,0
-5540.9,32641381,13457649,13969957,7484015,0,0,0
-5522.5,32806154,13543476,14057893,7545259,0,0,0
-5504.1,32970926,13629302,14145828,7606503,0,0,0
-5485.8,33135698,13715129,14233763,7667747,0,0,0
-5467.4,33300470,13800956,14321698,7728991,0,0,0
-5449.0,33465243,13886783,14409633,7790235,0,0,0
-5430.6,33630015,13972610,14497568,7851479,0,0,0
-5412.2,33794787,14058437,14585503,7912723,0,0,0
-5393.8,33959559,14144263,14673438,7973967,0,0,0
-5375.5,34124332,14230090,14761373,8035211,0,0,0
-5357.1,34289104,14315917,14849309,8096455,0,0,0
-5338.7,34453876,14401744,14937244,8157699,0,0,0
-5320.3,34618648,14487571,15025179,8218943,0,0,0
-5301.9,34783421,14573398,15113114,8280187,0,0,0
-5283.5,34948193,14659225,15201049,8341431,0,0,0
-5265.2,35112965,14745051,15288984,8402675,0,0,0
-5246.8,35277737,14830878,15376919,8463919,0,0,0
-5228.4,35442510,14916705,15464854,8525163,0,0,0
-5210.0,35607282,15002532,15552789,8586407,0,0,0
-5191.6,35772054,15088359,15640725,8647651,0,0,0
-5173.2,35936826,15174186,15728660,8708895,0,0,0
-5154.9,36101599,15260012,15816595,8770139,0,0,0
-5136.5,36266371,15345839,15904530,8831383,0,0,0
-5118.1,36431143,15431666,15992465,8892627,0,0,0
-5099.7,36595915,15517493,16080400,8953871,0,0,0
-5081.3,36760688,15603320,16168335,9015115,0,0,0
-5062.9,36925460,15689147,16256270,9076359,0,0,0
-5044.6,37090232,15774973,16344205,9137603,0,0,0
-5026.2,37255004,15860800,16432140,9198847,0,0,0
-5007.8,37419777,15946627,16520076,9260091,0,0,0
-4989.4,37584549,16032454,16608011,9321335,0,0,0
-4971.0,37749321,16118281,16695946,9382579,0,0,0
-4952.6,37914093,16204108,16783881,9443823,0,0,0
-4934.3,38078865,16289935,16871816,9505067,0,0,0
-4915.9,38243638,16375761,16959751,9566311,0,0,0
-4897.5,38408410,16461588,17047686,9627555,0,0,0
-4879.1,38573182,16547415,17135621,9688799,0,0,0
-4860.7,38737954,16633242,17223556,9750043,0,0,0
-4842.3,38902727,16719069,17311492,9811287,0,0,0
-4824.0,39067499,16804896,17399427,9872531,0,0,0
-4805.6,39232271,16890722,17487362,9933775,0,0,0
-4787.2,39397043,16976549,17575297,9995019,0,0,0
-4768.8,39561816,17062376,17663232,10056263,0,0,0
-4750.4,39726588,17148203,17751167,10117507,0,0,0
-4732.0,39891360,17234030,17839102,10178751,0,0,0
-4713.7,40056132,17319857,17927037,10239995,0,0,0
-4695.3,40220905,17405683,18014972,10301239,0,0,0
-4676.9,40385677,17491510,18102908,10362483,0,0,0
-4658.5,40550449,17577337,18190843,10423727,0,0,0
-4640.1,40715221,17663164,18278778,10484971,0,0,0
-4621.7,40879994,17748991,18366713,10546215,0,0,0
-4603.4,41044766,17834818,18454648,10607459,0,0,0
-4585.0,41209538,17920645,18542583,10668703,0,0,0
-4566.6,41374310,18006471,18630518,10729947,0,0,0
-4548.2,41539083,18092298,18718453,10791191,0,0,0
-4529.8,41703855,18178125,18806388,10852435,0,0,0
-4511.4,41868627,18263952,18894323,10913679,0,0,0
-4493.1,42033399,18349779,18982259,10974923,0,0,0
-4474.7,42198172,18435606,19070194,11036167,0,0,0
-4456.3,42362944,18521432,19158129,11097411,0,0,0
-4437.9,42527716,18607259,19246064,11158655,0,0,0
-4419.5,42692488,18693086,19333999,11219899,0,0,0
-4401.1,42857261,18778913,19421934,11281143,0,0,0
-4382.8,43022033,18864740,19509869,11342387,0,0,0
-4364.4,43186805,18950567,19597804,11403631,0,0,0
-4346.0,43351577,19036393,19685739,11464875,0,0,0
-4327.6,43516350,19122220,19773675,11526119,0,0,0
-4309.2,43681122,19208047,19861610,11587363,0,0,0
-4290.8,43845894,19293874,19949545,11648606,0,0,0
-4272.5,44010666,19379701,20037480,11709850,0,0,0
-4254.1,44175439,19465528,20125415,11771094,0,0,0
-4235.7,44340211,19551354,20213350,11832338,0,0,0
-4217.3,44504983,19637181,20301285,11893582,0,0,0
-4198.9,44669755,19723008,20389220,11954826,0,0,0
-4180.5,44834527,19808835,20477155,12016070,0,0,0
-4162.2,44999300,19894662,20565091,12077314,0,0,0
-4143.8,45164072,19980489,20653026,12138558,0,0,0
-4125.4,45328844,20066316,20740961,12199802,0,0,0
-4107.0,45493616,20152142,20828896,12261046,0,0,0
-4088.6,45658389,20237969,20916831,12322290,0,0,0
-4070.2,45823161,20323796,21004766,12383534,0,0,0
-4051.9,45987933,20409623,21092701,12444778,0,0,0
-4033.5,46152705,20495450,21180636,12506022,0,0,0
-4015.1,46317478,20581277,21268571,12567266,0,0,0
-3996.7,46482250,20667103,21356507,12628510,0,0,0
-3978.3,46647022,20752930,21444442,12689754,0,0,0
-3959.9,46811794,20838757,21532377,12750998,0,0,0
-3941.6,46976567,20924584,21620312,12812242,0,0,0
-3923.2,47141339,21010411,21708247,12873486,0,0,0
-3904.8,47306111,21096238,21796182,12934730,0,0,0
-3886.4,47470883,21182064,21884117,12995974,0,0,0
-3868.0,47635656,21267891,21972052,13057218,0,0,0
-3849.6,47800428,21353718,22059987,13118462,0,0,0
-3831.3,47965200,21439545,22147922,13179706,0,0,0
-3812.9,48129972,21525372,22235858,13240950,0,0,0
-3794.5,48294745,21611199,22323793,13302194,0,0,0
-3776.1,48459517,21697026,22411728,13363438,0,0,0
-3757.7,48624289,21782852,22499663,13424682,0,0,0
-3739.3,48789061,21868679,22587598,13485926,0,0,0
-3721.0,48953834,21954506,22675533,13547170,0,0,0
-3702.6,49118606,22040333,22763468,13608414,0,0,0
-3684.2,49283378,22126160,22851403,13669658,0,0,0
-3665.8,49448150,22211987,22939338,13730902,0,0,0
-3647.4,49612923,22297813,23027274,13792146,0,0,0
-3629.0,49777695,22383640,23115209,13853390,0,0,0
-3610.7,49942467,22469467,23203144,13914634,0,0,0
-3592.3,50107239,22555294,23291079,13975878,0,0,0
-3573.9,50272012,22641121,23379014,14037122,0,0,0
-3555.5,50436784,22726948,23466949,14098366,0,0,0
-3537.1,50601556,22812774,23554884,14159610,0,0,0
-3518.7,50766328,22898601,23642819,14220854,0,0,0
-3500.4,50931100,22984428,23730754,14282098,0,0,0
-3482.0,51095873,23070255,23818690,14343342,0,0,0
-3463.6,51260645,23156082,23906625,14404586,0,0,0
-3445.2,51425417,23241909,23994560,14465830,0,0,0
-3426.8,51590189,23327736,24082495,14527074,0,0,0
-3408.4,51754962,23413562,24170430,14588318,0,0,0
-3390.1,51919734,23499389,24258365,14649562,0,0,0
-3371.7,52084506,23585216,24346300,14710806,0,0,0
-3353.3,52249278,23671043,24434235,14772050,0,0,0
-3334.9,52414051,23756870,24522170,14833294,0,0,0
-3316.5,52578823,23842697,24610106,14894538,0,0,0
-3298.1,52743595,23928523,24698041,14955782,0,0,0
-3279.8,52908367,24014350,24785976,15017026,0,0,0
-3261.4,53073140,24100177,24873911,15078270,0,0,0
-3243.0,53237912,24186004,24961846,15139514,0,0,0
-3224.6,53402684,24271831,25049781,15200758,0,0,0
-3206.2,53567456,24357658,25137716,15262002,0,0,0
-3187.8,53732229,24443484,25225651,15323246,0,0,0
-3169.5,53897001,24529311,25313586,15384490,0,0,0
-3151.1,54061773,24615138,25401521,15445734,0,0,0
-3132.7,54226545,24700965,25489457,15506978,0,0,0
-3114.3,54391318,24786792,25577392,15568222,0,0,0
-3095.9,54556090,24872619,25665327,15629466,0,0,0
-3077.5,54720862,24958446,25753262,15690710,0,0,0
-3059.2,54885634,25044272,25841197,15751954,0,0,0
-3040.8,55050407,25130099,25929132,15813198,0,0,0
-3022.4,55215179,25215926,26017067,15874442,0,0,0
-3004.0,55379951,25301753,26105002,15935686,0,0,0
-2985.6,55544723,25387580,26192937,15996930,0,0,0
-2967.2,55709496,25473407,26280873,16058174,0,0,0
-2948.9,55874268,25559233,26368808,16119418,0,0,0
-2930.5,56039040,25645060,26456743,16180662,0,0,0
-2912.1,56203812,25730887,26544678,16241906,0,0,0
-2893.7,56368585,25816714,26632613,16303150,0,0,0
-2875.3,56533357,25902541,26720548,16364394,0,0,0
-2856.9,56698129,25988368,26808483,16425638,0,0,0
-2838.6,56862901,26074194,26896418,16486882,0,0,0
-2820.2,57027673,26160021,26984353,16548126,0,0,0
-2801.8,57192446,26245848,27072289,16609370,0,0,0
-2783.4,57357218,26331675,27160224,16670614,0,0,43777
-2765.0,57521990,26417502,27248159,16731857,0,0,98498
-2746.6,57686762,26503329,27336094,16793101,0,0,153219
-2728.3,57851535,26589155,27424029,16854345,0,0,207940
-2709.9,58016307,26674982,27511964,16915589,0,0,262661
-2691.5,58181079,26760809,27599899,16976833,0,0,317382
-2673.1,58345851,26846636,27687834,17038077,0,0,372103
-2654.7,58510624,26932463,27775769,17099321,0,0,426823
-2636.3,58675396,27018290,27863704,17160565,0,0,481544
-2618.0,58840168,27104117,27951640,17221809,0,0,536265
-2599.6,59004940,27189943,28039575,17283053,0,0,590986
-2581.2,59169713,27275770,28127510,17344297,0,0,645707
-2562.8,59334485,27361597,28215445,17405541,0,0,700428
-2544.4,59499257,27447424,28303380,17466785,0,0,755149
-2526.0,59664029,27533251,28391315,17528029,0,0,809870
-2507.7,59828802,27619078,28479250,17589273,0,0,864591
-2489.3,59993574,27704904,28567185,17650517,0,0,919312
-2470.9,60158346,27790731,28655120,17711761,0,0,974033
-2452.5,60323118,27876558,28743056,17773005,0,0,1028754
-2434.1,60487891,27962385,28830991,17834249,0,0,1083475
-2415.7,60652663,28048212,28918926,17895493,0,0,1138196
-2397.4,60817435,28134039,29006861,17956737,0,0,1192917
-2379.0,60982207,28219865,29094796,18017981,0,0,1247638
-2360.6,61146980,28305692,29182731,18079225,0,0,1302359
-2342.2,61311752,28391519,29270666,18140469,0,0,1357080
-2323.8,61476524,28477346,29358601,18201713,0,0,1411801
-2305.4,61641296,28563173,29446536,18262957,0,0,1466522
-2287.1,61806069,28649000,29534472,18324201,0,0,1521243
-2268.7,61970841,28734827,29622407,18385445,0,0,1575964
-2250.3,62135613,28820653,29710342,18446689,0,0,1630685
-2231.9,62300385,28906480,29798277,18507933,0,0,1685406
-2213.5,62465158,28992307,29886212,18569177,0,0,1740127
-2195.1,62629930,29078134,29974147,18630421,0,0,1794847
-2176.8,62794702,29163961,30062082,18691665,0,0,1849568
-2158.4,62959474,29249788,30150017,18752909,0,0,1904289
-2140.0,63124247,29335614,30237952,18814153,0,0,1959010
-2121.6,63289019,29421441,30325888,18875397,0,0,2013731
-2103.2,63453791,29507268,30413823,18936641,0,0,2068452
-2084.9,63618563,29593095,30501758,18997885,0,0,2123173
-2066.5,63783335,29593095,30589693,19059129,0,0,2177894
-2048.1,63948108,29593095,30677628,19120373,0,0,2232615
-2029.7,64112880,29593095,30765563,19181617,0,0,2287336
-2011.3,64277652,29593095,30853498,19242861,0,0,2342057
-1992.9,64442424,29593095,30941433,19304105,0,0,2396778
-1974.6,64607197,29593095,31029368,19365349,0,0,2451499
-1956.2,64771969,29593095,31117303,19426593,0,0,2506220
-1937.8,64936741,29593095,31205239,19487837,0,0,2560941
-1919.4,65101513,29593095,31293174,19549081,0,0,2615662
-1901.0,65266286,29593095,31381109,19610325,0,0,2670383
-1882.6,65431058,29593095,31469044,19671569,0,0,2725104
-1864.3,65595830,29593095,31556979,19732813,0,0,2779825
-1845.9,65760602,29593095,31644914,19794057,0,0,2834546
-1827.5,65925375,29593095,31732849,19855301,0,0,2889267
-1809.1,66090147,29593095,31820784,19916545,0,0,2943988
-1790.7,66254919,29593095,31908719,19977789,0,0,2998709
-1772.3,66419691,29593095,31996655,20039033,0,0,3053430
-1754.0,66584464,29593095,32084590,20100277,0,0,3108151
-1735.6,66584464,29593095,32172525,20161521,0,0,3162871
-1717.2,66584464,29593095,32260460,20222765,0,0,3217592
-1698.8,66584464,29593095,32348395,20284009,0,0,3272313
-1680.4,66584464,29593095,32436330,20345253,0,0,3327034
-1662.0,66584464,29593095,32524265,20406497,0,0,3381755
-1643.7,66584464,29593095,32612200,20467741,0,0,3436476
-1625.3,66584464,29593095,32700135,20528985,0,0,3491197
-1606.9,66584464,29593095,32788071,20590229,0,0,3545918
-1588.5,66584464,29593095,32876006,20651473,0,0,3600639
-1570.1,66584464,29593095,32963941,20712717,0,0,3655360
-1551.7,66584464,29593095,33051876,20773961,0,0,3710081
-1533.4,66584464,29593095,33139811,20835205,0,0,3764802
-1515.0,67905584,31274521,33227746,20896449,0,0,3819523
-1496.6,69226704,32955947,33315681,20957693,0,0,3874244
-1478.2,70547825,34637372,33403616,21018937,0,0,3928965
-1459.8,71868945,36318798,33491551,21080181,0,0,3983686
-1441.4,73190065,38000224,33579486,21141425,0,0,4038407
-1423.1,74511185,39681650,33667422,21202669,0,0,4093128
-1404.7,75832306,41363076,33755357,21263913,0,0,4147849
-1386.3,77153426,43044502,33843292,21325157,0,0,4202570
-1367.9,78474546,44725928,33931227,21386401,0,0,4257291
-1349.5,79795667,46407353,34019162,21447645,0,0,4312012
-1331.1,81116787,48088779,34107097,21508889,0,0,4366733
-1312.8,82437907,48088779,34195032,21570133,0,0,4421454
-1294.4,83759028,48088779,34282967,21631377,0,0,4476174
-1276.0,85080148,48088779,34370902,21692621,0,0,4530895
-1257.6,85080148,48088779,34458838,21753864,0,0,4585616
-1239.2,85080148,48088779,34546773,21815108,0,0,4640337
-1220.8,85080148,48088779,34634708,21876352,0,0,4695058
-1202.5,85080148,48088779,34722643,21937596,0,0,4749779
-1184.1,85080148,48088779,34810578,21998840,0,0,4804500
-1165.7,85080148,48088779,34898513,22060084,0,0,4859221
-1147.3,85080148,48088779,34986448,22121328,0,0,4913942
-1128.9,85080148,48088779,35074383,22182572,0,0,4968663
-1110.5,85080148,48088779,35162318,22243816,0,0,5023384
-1092.2,85080148,48088779,35250254,22305060,0,0,5078105
-1073.8,85080148,48088779,35338189,22366304,0,0,5132826
-1055.4,85080148,48088779,35426124,22427548,0,0,5187547
-1037.0,85080148,48088779,35514059,22488792,0,0,5242268
-1018.6,85080148,48088779,35601994,22550036,0,0,5296989
-1000.2,85080148,48088779,35689929,22611280,0,0,5351710
-981.9,85080148,48088779,35777864,22672524,0,0,5406431
-963.5,91245376,48088779,35865799,22733768,0,0,5461152
-945.1,97410604,52712700,35953734,22795012,0,0,5515873
-926.7,103575832,57336621,36041670,22856256,0,0,5570594
-908.3,103575832,61960543,36129605,22917500,0,0,5625315
-889.9,103575832,66584464,36217540,22978744,0,0,5680036
-871.6,103575832,66584464,36305475,23039988,0,0,5734757
-853.2,103575832,66584464,36393410,23101232,0,0,5789478
-834.8,103575832,66584464,36481345,23162476,0,0,5844198
-816.4,109741060,66584464,36569280,23223720,0,0,5898919
-798.0,115906289,66584464,36657215,23284964,0,0,5953640
-779.6,122071517,66584464,36745150,23346208,0,0,6008361
-761.3,122071517,66584464,36833085,23407452,0,0,6063082
-742.9,122071517,72749692,36921021,23468696,0,0,6117803
-724.5,122071517,78914920,37008956,23529940,0,0,6172524
-706.1,122071517,85080148,37096891,23591184,0,0,6227245
-687.7,122071517,85080148,37184826,23652428,0,0,6281966
-669.3,128236745,85080148,37272761,23713672,0,0,6336687
-651.0,134401973,85080148,37360696,23774916,0,0,6391408
-632.6,140567201,85080148,37448631,23836160,0,0,6446129
-614.2,140567201,85080148,37536566,23897404,0,0,6500850
-595.8,140567201,85080148,37624501,23958648,0,0,6555571
-577.4,140567201,85080148,37712437,24019892,0,0,6610292
-559.0,140567201,85080148,37800372,24081136,0,0,6665013
-540.7,140567201,91245376,37888307,24142380,0,0,6719734
-522.3,145191122,97410604,37976242,24203624,0,0,6774455
-503.9,149815043,103575832,38064177,24264868,0,0,6829176
-485.5,154438964,103575832,38152112,24326112,0,0,6883897
-467.1,159062885,103575832,38240047,24387356,0,0,6938618
-448.7,159062885,103575832,38327982,24448600,0,0,6993339
-430.4,159062885,103575832,38415917,24509844,0,0,7048060
-412.0,159062885,103575832,38503853,24571088,0,0,7102781
-393.6,159062885,103575832,38591788,24632332,0,0,7157502
-375.2,159062885,103575832,38679723,24693576,0,0,7212222
-356.8,165228113,108199753,38767658,24754820,0,0,7266943
-338.4,171393342,112823674,38855593,24816064,0,0,7321664
-320.1,177558570,117447596,38943528,24877308,0,0,7376385
-301.7,177558570,122071517,39031463,24938552,0,0,7431106
-283.3,177558570,122071517,39119398,24999796,0,0,7485827
-264.9,177558570,122071517,39207333,25061040,0,0,7540548
-246.5,177558570,122071517,39295269,25122284,0,0,7595269
-228.1,177558570,122071517,39383204,25183528,0,0,7649990
-209.8,183723798,122071517,39471139,25244772,0,0,7704711
-191.4,189889026,122071517,39559074,25306016,0,0,7759432
-173.0,196054254,122071517,39647009,25367260,0,0,7814153
-154.6,196054254,128236745,39734944,25428504,0,0,7868874
-136.2,196054254,134401973,39822879,25489748,0,0,7923595
-117.8,196054254,140567201,39910814,25550992,0,0,7978316
-99.5,196054254,140567201,39998749,25612236,0,0,8033037
-81.1,196054254,140567201,40086684,25673480,0,0,8087758
-62.7,202219482,140567201,40174620,25734724,0,0,8142479
-44.3,208384710,140567201,40262555,25795968,0,0,8197200
-25.9,214549938,140567201,40350490,25857212,0,0,8251921
-7.5,214549938,140567201,40438425,25918456,0,0,8306642
10.8,214549938,140567201,40526360,25979700,0,0,8361363
29.2,214549938,140567201,40614295,26040944,0,0,8416084
47.6,214549938,140567201,40702230,26102188,0,0,8470805
66.0,214549938,140567201,40790165,26163432,0,0,8525526
84.4,214549938,140567201,40878100,26224676,0,0,8580246
102.8,214549938,140567201,40966036,26285920,0,0,8634967
121.1,214549938,140567201,41053971,26347164,0,0,8689688
139.5,214549938,140567201,41141906,26408408,0,0,8744409
157.9,214549938,140567201,41229841,26469652,0,0,8799130
176.3,214549938,140567201,41317776,26530896,0,0,8853851
194.7,214549938,140567201,41405711,26592140,0,0,8908572
213.1,214549938,140567201,41493646,26653384,0,0,8963293
231.4,214549938,140567201,41581581,26714628,0,0,9018014
249.8,214549938,140567201,41669516,26775872,0,0,9072735
268.2,214549938,140567201,41757452,26837115,0,0,9127456
286.6,214549938,140567201,41845387,26898359,0,0,9182177
305.0,214549938,140567201,41933322,26959603,0,0,9236898
323.4,214549938,140567201,42021257,27020847,0,0,9291619
341.7,214549938,140567201,42109192,27082091,0,0,9346340
360.1,214549938,140567201,42197127,27143335,0,0,9401061
378.5,214549938,140567201,42285062,27204579,0,0,9455782
396.9,214549938,140567201,42372997,27265823,0,0,9510503
415.3,220715166,140567201,42460932,27327067,0,0,9565224
433.7,226880395,140567201,42548867,27388311,0,0,9619945
452.0,233045623,149815043,42636803,27449555,0,0,9674666
470.4,233045623,159062885,42724738,27510799,0,0,9729387
488.8,233045623,159062885,42812673,27572043,0,0,9784108
507.2,233045623,159062885,42900608,27633287,0,0,9838829
525.6,233045623,159062885,42988543,27694531,0,0,9893549
544.0,239210851,159062885,43076478,27755775,0,0,9948270
562.3,245376079,168310727,43164413,27817019,0,0,10002991
580.7,251541307,177558570,43252348,27878263,0,0,10057712
599.1,251541307,177558570,43340283,27939507,0,0,10112433
617.5,251541307,177558570,43428219,28000751,0,0,10167154
635.9,251541307,177558570,43516154,28061995,0,0,10221875
654.3,251541307,177558570,43604089,28123239,0,0,10276596
672.6,251541307,177558570,43692024,28184483,0,0,10331317
691.0,251541307,177558570,43779959,28245727,0,0,10386038
709.4,251541307,177558570,43867894,28306971,0,0,10440759
727.8,256165228,177558570,43955829,28368215,0,0,10495480
746.2,260789149,177558570,44043764,28429459,0,0,10550201
764.6,265413070,177558570,44131699,28490703,0,0,10604922
782.9,270036991,177558570,44219635,28551947,0,0,10659643
801.3,270036991,177558570,44307570,28613191,0,0,10714364
819.7,270036991,177558570,44395505,28674435,0,0,10769085
838.1,270036991,177558570,44483440,28735679,0,0,10823806
856.5,279284834,177558570,44571375,28796923,0,0,10878527
874.9,288532676,177558570,44659310,28858167,0,0,10933248
893.2,288532676,177558570,44747245,28919411,0,0,10987969
911.6,288532676,180641184,44835180,28980655,0,0,11042690
930.0,288532676,183723798,44923115,29041899,0,0,11097411
948.4,294697904,186806412,45011051,29103143,0,0,11097411
966.8,300863132,189889026,45098986,29164387,0,0,11097411
985.2,307028360,192971640,45186921,29225631,0,0,11097411
1003.5,307028360,196054254,45274856,29286875,0,0,11097411
1021.9,325524044,196054254,45362791,29348119,0,0,11097411
1040.3,334771887,214549938,45450726,29409363,0,0,11097411
1058.7,344019729,233045623,45538661,29470607,0,0,11097411
1077.1,362515413,233045623,45626596,29531851,0,0,11097411
1095.5,381011097,251541307,45714531,29593095,0,0,11097411
1113.8,381011097,251541307,45802466,29593095,0,0,11097411
1132.2,399506782,251541307,45890402,29593095,0,0,11097411
1150.6,399506782,251541307,45978337,29593095,0,0,11097411
1169.0,418002466,260789149,46066272,35758323,0,0,11097411
1187.4,418002466,270036991,46154207,41923551,0,0,8785450
1205.8,418002466,270036991,46242142,48088779,0,0,6473490
1224.1,424167694,270036991,46330077,48088779,0,0,4161529
1242.5,430332922,260789149,46418012,48088779,822030,0,1849568
1260.9,436498150,251541307,46505947,48088779,2877106,0,0
1279.3,436498150,251541307,46593882,57336621,4932182,0,0
1297.7,436498150,251541307,46681818,66584464,6987259,0,0
1316.1,436498150,251541307,46769753,57336621,9042335,0,0
1334.4,431874229,251541307,46857688,48088779,11097411,0,0
1352.8,427250308,251541307,46945623,48088779,11097411,0,0
1371.2,422626387,251541307,47033558,48088779,11097411,0,0
1389.6,418002466,251541307,47121493,48088779,11097411,0,0
1408.0,427250308,251541307,47209428,48088779,11097411,0,0
1426.4,436498150,251541307,47297363,48088779,11097411,0,0
1444.7,454993835,270036991,47385298,48088779,11097411,0,0
1463.1,454993835,270036991,47473234,48088779,11097411,0,0
1481.5,473489519,270036991,47561169,48088779,11097411,0,0
1499.9,479654747,288532676,47649104,57336621,11097411,0,0
1518.3,485819975,288532676,47737039,66584464,11097411,0,0
1536.7,491985203,288532676,47824974,66584464,0,0,11097411
1555.0,491985203,307028360,47912909,66584464,0,0,11097411
1573.4,491985203,307028360,48000844,69226704,0,0,11097411
1591.8,491985203,307028360,48088779,71868945,0,0,11097411
1610.2,510480888,325524044,48088779,74511185,0,0,11097411
1628.6,528976572,325524044,48088779,77153426,0,0,11097411
1647.0,528976572,344019729,48088779,79795667,0,0,11097411
1665.3,547472256,344019729,48088779,82437907,0,0,11097411
1683.7,565967941,362515413,50731020,85080148,0,0,11097411
1702.1,602959309,381011097,53373261,103575832,0,0,11097411
1720.5,639950678,418002466,56015501,122071517,0,0,11097411
1738.9,695437731,454993835,58657742,122071517,0,0,11097411
1757.3,769420469,510480888,61299982,140567201,0,0,11097411
1775.6,880394575,584463625,63942223,159062885,0,0,11097411
1794.0,954377312,658446363,66584464,192971640,0,0,11097411
1812.4,1046855734,713933416,66584464,226880395,0,0,11097411
1830.8,1176325524,787916153,85080148,260789149,11097411,0,0
1849.2,1268803946,806411837,85080148,294697904,29593095,0,0
1867.6,1342786683,806411837,103575832,328606658,48088779,0,0
1885.9,1509247842,880394575,211907698,362515413,66584464,11097411,0
1904.3,1731196054,972872996,320239563,418002466,103575832,29593095,0
1922.7,1990135635,1120838471,428571429,454993835,140567201,29593095,0
1941.1,2471023428,1324290999,536903294,528976572,177558570,66584464,4932182
1959.5,3525277435,1842170160,645235159,602959309,270036991,122071517,11097411
1977.9,4709001233,2729963009,753567025,676942047,362515413,196054254,1849568
1996.2,6170160296,3728729963,861898890,713933416,473489519,288532676,0
2014.6,7612823674,4524044390,1268803946,732429100,547472256,381011097,0
